{
	"class_name" : "PinholeCameraParameters",
	"extrinsic" : 
	[
		0.99055229824839031,
		-0.057127706634885832,
		0.12466984226135203,
		0.0,
		0.10025960958138505,
		-0.31857011571573407,
		-0.94258214074925695,
		0.0,
		0.093563642091467447,
		0.94617625551876028,
		-0.30983275871198246,
		0.0,
		-479.90218702514852,
		-161.80439843220188,
		886.08857221240021,
		1.0
	],
	"intrinsic" : 
	{
		"height" : 1055,
		"intrinsic_matrix" : 
		[
			913.65680099258282,
			0.0,
			0.0,
			0.0,
			913.65680099258282,
			0.0,
			959.5,
			527.0,
			1.0
		],
		"width" : 1920
	},
	"version_major" : 1,
	"version_minor" : 0
}